{
	"1": 0.0335493468262984,
	"2": 0.1367485757948002,
	"3": 0.16956834146413965,
	"4": 0.16066174930690166,
	"5": 0.11769420528709171,
	"6": 0.10110589111615534,
	"7": 0.0951104467032739,
	"8": 0.07195850733462979,
	"9": 0.04628481351838281,
	"10": 0.030932422705216164,
	"11": 0.01874665720193312,
	"12": 0.009021284820259656,
	"13": 0.005434853269575747,
	"14": 0.0020390493348814804,
	"15": 0.0006620339048036459,
	"16": 0.00022820367091381751,
	"17": 0.0001048339889494706,
	"18": 0.00006633659975369653,
	"19": 0.000023645795433451458,
	"20": 0.00002312436307363045,
	"21": 0.000008262893846566679,
	"22": 0.000007912845348420252,
	"23": 0.000005741370418185388,
	"24": 0.0000031519208636069887,
	"25": 0.000005139186410379365,
	"26": 0.0000014948423646291295,
	"27": 5.507645985009872e-7,
	"28": 4.6257234553866587e-7,
	"29": 9.977194950641974e-7,
	"30": 3.0416193358457726e-7,
	"31": 6.26539406730837e-7,
	"32": 5.506506769896802e-7,
	"33": 5.931400000650917e-8,
	"34": 2.2435226346917967e-7,
	"35": 5.094501972809963e-8,
	"36": 7.345386997710112e-8,
	"38": 7.346067126135826e-8
}
